sasasa,P01
cicada3301,P02
miosufa,P03
mononoke,P04
asijmeno,P05
anoano,P06
malinaaparaplicko,P07
tomires,P08
facillitant,P09
nahodneynakz,P10
marty123,P11
ucecux,P12
lipaland,P13
damonka,P14
alespon6libovolnychznaku,P15
asdfasdfasdf,P16
albatra,P17
mirumil,P18
kavuka,P19
prampouch,P20
netomas,P21
prekla,P22
jeskotle,P23
neconapis,P24
123456,P25
qanto7,P26
hynkyx,P27
bebaby,P28
aksena,P29
psymed,P30
misfil,P31
garfield,P32
sticave,P33
player,P34
scotty,P35
unikod,P36
muxieee,P37
fun1kcz,P38
powell,P39
ytilav,P40
hejhej,P41
zajicek,P42
propiska,P43
